#{"t_start": 1776437778.5549152, "env_id": "None"}
r,l,t,reached,grasp_success
-176.838323,100,1.068899,False,False
-187.444647,100,2.139492,False,False
-219.212986,100,3.209345,False,False
-165.513776,100,4.284899,False,False
-194.583724,100,5.356343,False,False
-136.067119,100,7.294979,False,False
-103.8786,100,9.174908,False,False
-112.098972,100,11.053591,False,False
-127.035857,100,12.911929,False,False
-86.552654,100,14.772201,False,False
-82.78319,100,16.652205,False,False
-84.637317,100,18.512729,False,False
-93.953189,100,20.393715,False,False
-92.000784,100,22.265586,False,False
118.654075,99,24.423026,True,True
-64.156995,100,26.308276,False,False
-88.611503,100,28.181347,False,False
275.744976,10,28.90794,True,True
252.071137,27,29.900656,True,True
189.641956,70,31.532524,True,True
213.499588,51,32.920002,True,True
232.988844,53,34.281038,True,True
290.961991,9,34.984012,True,True
299.003146,2,35.575197,True,True
268.173267,23,36.494612,True,True
195.177492,72,38.227272,True,True
296.191402,6,38.873625,True,True
299.0,1,39.460794,True,True
276.353665,20,40.344393,True,True
298.44251,2,40.9221,True,True
293.435649,6,41.600001,True,True
269.047398,25,42.573536,True,True
-48.56411,100,44.473973,False,False
293.800749,6,45.129049,True,True
299.0,1,45.713821,True,True
292.877805,9,46.419333,True,True
298.177987,3,47.032382,True,True
297.365005,3,47.634562,True,True
299.112517,2,48.231932,True,True
296.216253,4,48.861027,True,True
296.23583,5,49.509006,True,True
276.776635,20,50.369774,True,True
299.0,1,50.946568,True,True
298.153505,2,51.539677,True,True
297.3145,4,52.15923,True,True
-171.529263,100,54.044052,False,False
299.925662,3,54.633838,True,True
299.0,1,55.221405,True,True
-176.370204,100,57.083656,False,False
299.474949,2,57.664337,True,True
299.0,1,58.262968,True,True
293.713529,7,58.923541,True,True
299.539287,2,59.521667,True,True
299.736965,2,60.128735,True,True
300.75143,2,60.718463,True,True
299.0,1,61.293321,True,True
299.0,1,61.885626,True,True
-188.69049,100,63.753494,False,False
299.558795,2,64.289896,True,True
299.0,1,64.912522,True,True
299.0,1,65.491419,True,True
299.0,1,66.053015,True,True
296.48819,4,66.672731,True,True
299.0,1,67.271295,True,True
-248.190296,100,69.155338,False,False
299.906848,3,69.758328,True,True
299.0,1,70.319251,True,True
299.0,1,70.916599,True,True
299.450797,2,71.480498,True,True
297.684412,5,72.101094,True,True
-387.446615,100,74.018413,False,False
299.0,1,74.586259,True,True
298.493981,3,75.184956,True,True
299.0,1,75.786881,True,True
299.0,1,76.368526,True,True
299.0,1,76.946245,True,True
299.0,1,77.51343,True,True
299.646242,2,78.097726,True,True
299.636985,2,78.693492,True,True
299.0,1,79.277349,True,True
299.652607,2,79.858526,True,True
299.610836,2,80.446994,True,True
299.682549,2,81.046036,True,True
299.0,1,81.63588,True,True
299.0,1,82.209239,True,True
-351.480598,100,84.075129,False,False
299.0,1,84.635516,True,True
298.663124,2,85.234836,True,True
-235.225019,100,87.079287,False,False
299.58724,2,87.675381,True,True
299.0,1,88.241284,True,True
-190.930139,100,90.098039,False,False
299.0,1,90.709725,True,True
299.0,1,91.283922,True,True
299.0,1,91.875651,True,True
299.0,1,92.461814,True,True
299.62653,2,93.047372,True,True
-241.761839,100,94.905839,False,False
300.367744,2,95.487365,True,True
296.249409,4,96.1221,True,True
300.063957,2,96.723397,True,True
159.368085,2,97.327873,True,False
299.0,1,97.902826,True,True
299.0,1,98.495187,True,True
297.583071,3,99.089082,True,True
299.0,1,99.656093,True,True
299.0,1,100.248145,True,True
299.0,1,100.825101,True,True
299.598722,2,101.413221,True,True
299.0,1,101.994944,True,True
299.0,1,102.562479,True,True
298.690854,2,103.147429,True,True
299.0,1,103.707209,True,True
299.0,1,104.279505,True,True
299.648814,2,104.883022,True,True
299.738752,2,105.462387,True,True
299.561115,2,106.053975,True,True
299.641605,2,106.648397,True,True
-487.07988,100,108.539581,False,False
-573.432573,100,110.38882,False,False
299.0,1,110.967728,True,True
299.0,1,111.561124,True,True
299.0,1,112.154034,True,True
-424.361268,100,114.006261,False,False
299.0,1,114.652461,True,True
299.614697,2,115.24955,True,True
291.206126,9,115.966451,True,True
-193.277597,100,117.846525,False,False
299.0,1,118.416589,True,True
299.0,1,119.000158,True,True
299.303896,2,119.5923,True,True
292.722625,7,120.267914,True,True
299.0,1,120.853831,True,True
299.0,1,121.432484,True,True
299.499799,2,122.016832,True,True
298.240432,3,122.638749,True,True
299.0,1,123.217714,True,True
-125.019629,100,125.117365,False,False
299.0,1,125.697167,True,True
299.0,1,126.262233,True,True
298.12647,3,126.874469,True,True
159.56181,2,127.446172,True,False
-128.683408,100,129.341131,False,False
301.111504,2,129.931923,True,True
-200.211013,100,131.813529,False,False
299.0,1,132.392071,True,True
301.024986,2,132.970017,True,True
299.0,1,133.543881,True,True
299.615136,2,134.118861,True,True
299.0,1,134.720186,True,True
264.117724,30,135.744848,True,True
299.442105,2,136.3184,True,True
285.634076,13,137.081435,True,True
291.178034,8,137.758244,True,True
298.383562,2,138.336876,True,True
300.882707,2,138.93541,True,True
299.0,1,139.504919,True,True
299.0,1,140.08604,True,True
299.0,1,140.644272,True,True
301.108404,2,141.237936,True,True
299.0,1,141.846599,True,True
288.28589,10,142.561038,True,True
-213.335148,100,144.462708,False,False
299.0,1,145.043939,True,True
297.216731,3,145.622201,True,True
299.0,1,146.199794,True,True
-223.533511,100,148.083668,False,False
293.259214,7,148.725372,True,True
298.113705,3,149.339282,True,True
-193.527373,100,151.216948,False,False
301.043939,2,151.799355,True,True
299.594229,2,152.38803,True,True
296.802203,4,153.012156,True,True
298.336941,3,153.616265,True,True
299.0,1,154.189948,True,True
297.537366,3,154.790108,True,True
301.115354,2,155.389619,True,True
297.992588,3,155.995283,True,True
-200.500389,100,157.814587,False,False
299.710972,2,158.403839,True,True
299.0,1,159.080989,True,True
296.442129,4,159.711924,True,True
-195.604424,100,161.569983,False,False
297.928508,3,162.178562,True,True
-202.70513,100,164.000256,False,False
299.0,1,164.63828,True,True
50.148549,90,166.598491,True,True
150.101559,57,168.078013,True,True
289.956232,10,168.838782,True,True
299.0,1,169.439172,True,True
299.0,1,170.033946,True,True
299.518037,2,170.643454,True,True
299.0,1,171.240134,True,True
236.853839,28,172.266866,True,True
299.538298,2,172.843671,True,True
299.0,1,173.408619,True,True
299.0,1,173.979948,True,True
299.0,1,174.531519,True,True
282.230471,17,175.356829,True,True
299.0,1,175.933201,True,True
301.087459,2,176.523556,True,True
268.028874,23,177.462211,True,True
298.076001,3,178.071616,True,True
299.0,1,178.665956,True,True
299.0,1,179.23153,True,True
293.489961,7,179.894959,True,True
296.125629,5,180.547159,True,True
287.646698,12,181.277711,True,True
299.0,1,181.848765,True,True
299.0,1,182.431658,True,True
292.561821,8,183.114043,True,True
297.394157,3,183.731337,True,True
290.311083,10,184.453829,True,True
299.0,1,185.049492,True,True
295.118378,5,185.67515,True,True
298.639797,2,186.278053,True,True
299.0,1,186.847491,True,True
297.630242,3,187.465914,True,True
297.882999,3,188.078043,True,True
278.830913,19,188.927825,True,True
299.0,1,189.494921,True,True
298.391529,3,190.120962,True,True
299.0,1,190.68422,True,True
299.743451,3,191.293369,True,True
298.711168,2,191.878038,True,True
299.0,1,192.455097,True,True
299.0,1,193.036394,True,True
293.646154,6,193.681083,True,True
299.0,1,194.257422,True,True
297.247257,4,194.877149,True,True
297.494567,4,195.492594,True,True
292.533466,9,196.206257,True,True
286.841273,13,196.963979,True,True
298.358349,2,197.55631,True,True
297.087723,5,198.194668,True,True
298.409467,3,198.812192,True,True
299.0,1,199.389935,True,True
299.853363,3,200.017142,True,True
299.0,1,200.589588,True,True
297.211824,4,201.208952,True,True
300.553346,2,201.791423,True,True
299.0,1,202.362999,True,True
291.920197,8,203.01439,True,True
299.0,1,203.583468,True,True
299.653701,3,204.192261,True,True
299.409155,2,204.765894,True,True
299.667047,2,205.354239,True,True
301.142275,2,205.949637,True,True
293.924768,7,206.608454,True,True
299.470024,2,207.195925,True,True
299.0,1,207.771784,True,True
295.07672,5,208.415801,True,True
299.631209,3,209.033691,True,True
299.85758,3,209.654225,True,True
299.0,1,210.242176,True,True
298.41646,3,210.844495,True,True
298.338323,2,211.412446,True,True
299.0,1,211.986375,True,True
296.335154,4,212.618556,True,True
299.0,1,213.361891,True,True
299.0,1,213.940774,True,True
299.48155,2,214.539817,True,True
287.538773,12,215.27985,True,True
301.049322,2,215.868036,True,True
298.701928,2,216.469903,True,True
297.989407,3,217.07292,True,True
299.093179,2,217.652608,True,True
301.060776,2,218.388997,True,True
295.704302,5,219.003021,True,True
297.418985,4,219.610666,True,True
298.758491,4,220.24109,True,True
301.083854,2,220.843816,True,True
295.175899,6,221.492942,True,True
301.142605,2,222.072793,True,True
299.573992,2,222.665814,True,True
299.0,1,223.237402,True,True
300.804663,2,223.832434,True,True
299.0,1,224.40836,True,True
299.0,1,224.999663,True,True
297.304922,3,225.606211,True,True
299.0,1,226.190698,True,True
299.31761,2,226.803204,True,True
292.577194,7,227.48705,True,True
297.850617,3,228.086731,True,True
299.0,1,228.642833,True,True
299.0,1,229.225593,True,True
299.0,1,229.790179,True,True
298.697486,2,230.391673,True,True
294.999215,5,231.032501,True,True
300.186171,2,231.638355,True,True
299.0,1,232.220343,True,True
298.398805,2,232.807571,True,True
301.06756,2,233.396233,True,True
298.684821,2,233.989282,True,True
299.0,1,234.566005,True,True
301.134338,2,235.156367,True,True
299.0,1,235.721058,True,True
298.720521,2,236.298178,True,True
299.0,1,236.887271,True,True
297.165897,4,237.506462,True,True
297.957781,3,238.109536,True,True
296.421119,4,238.74239,True,True
298.254846,3,239.341659,True,True
299.0,1,239.904166,True,True
297.424412,3,240.503712,True,True
285.3342,12,241.269973,True,True
299.999424,3,241.881952,True,True
296.409412,4,242.494498,True,True
298.71333,4,243.125987,True,True
300.026139,3,243.730574,True,True
299.0,1,244.29598,True,True
293.05313,7,244.944026,True,True
299.0,1,245.529288,True,True
289.301136,10,246.228464,True,True
297.134449,3,246.829249,True,True
299.0,1,247.397393,True,True
285.395231,13,248.134108,True,True
298.375624,3,248.743515,True,True
299.0,1,249.335997,True,True
299.7278,2,249.91504,True,True
299.0,1,250.492037,True,True
298.427526,2,251.099005,True,True
300.037983,3,251.707432,True,True
291.889175,8,252.396852,True,True
299.0,1,252.978383,True,True
301.016514,2,253.574237,True,True
298.182365,3,254.178936,True,True
298.737033,2,254.763045,True,True
296.149636,4,255.394291,True,True
299.0,1,255.971193,True,True
294.732668,6,256.627539,True,True
297.521452,3,257.229376,True,True
292.655069,8,257.907939,True,True
299.0,1,258.483062,True,True
300.787253,2,259.069511,True,True
298.349744,3,259.688803,True,True
299.0,1,260.29213,True,True
296.770401,4,260.918179,True,True
297.503244,3,261.522185,True,True
299.0,1,262.090567,True,True
288.95992,10,262.82918,True,True
299.248499,2,263.433185,True,True
299.0,1,264.00456,True,True
293.935144,6,264.653544,True,True
298.417662,2,265.250368,True,True
298.291611,2,265.857859,True,True
293.42987,7,266.53044,True,True
299.0,1,267.097831,True,True
297.146038,3,267.69854,True,True
299.0,1,268.275815,True,True
293.723517,7,268.948816,True,True
293.814033,6,269.621548,True,True
297.104227,4,270.238762,True,True
298.195942,2,270.814813,True,True
298.299659,2,271.40446,True,True
299.0,1,271.973186,True,True
246.036131,42,273.202639,True,True
296.943382,4,273.826108,True,True
296.079479,5,274.455299,True,True
299.0,1,275.045043,True,True
298.713715,2,275.637478,True,True
198.641142,73,277.359406,True,True
298.472853,2,277.951093,True,True
297.213179,5,278.602312,True,True
299.0,1,279.175408,True,True
299.993445,3,279.802361,True,True
298.757208,2,280.39366,True,True
301.189868,2,280.997324,True,True
299.21757,2,281.578586,True,True
299.0,1,282.152364,True,True
301.118034,2,282.748389,True,True
297.543653,3,283.360456,True,True
301.016977,2,283.939097,True,True
299.0,1,284.51394,True,True
299.747299,3,285.130581,True,True
299.0,1,285.727368,True,True
301.22583,2,286.322226,True,True
301.197009,2,286.913035,True,True
299.0,1,287.48321,True,True
251.48462,32,288.539848,True,True
299.0,1,289.104661,True,True
291.888458,7,289.787592,True,True
-79.785948,100,291.684057,False,False
299.0,1,292.256537,True,True
293.211662,6,292.911267,True,True
297.21363,3,293.524094,True,True
297.128193,3,294.125388,True,True
300.916779,2,294.732644,True,True
291.652743,8,295.414596,True,True
298.277842,2,296.004168,True,True
275.903602,11,296.750864,True,True
299.0,1,297.321958,True,True
288.91866,10,298.054365,True,True
301.104375,2,298.772462,True,True
294.879718,5,299.399177,True,True
229.913752,36,300.529857,True,True
288.307771,10,301.256493,True,True
297.280087,3,301.863449,True,True
299.970919,3,302.4724,True,True
-127.773622,100,304.35205,False,False
294.830343,5,304.978836,True,True
289.25204,10,305.730331,True,True
-120.829028,100,307.635561,False,False
289.678376,10,308.347045,True,True
-128.368993,100,310.225374,False,False
299.0,1,310.779016,True,True
298.090949,2,311.364062,True,True
299.0,1,312.016143,True,True
301.138004,2,312.612869,True,True
299.0,1,313.193112,True,True
301.076938,2,313.780356,True,True
301.215012,2,314.374449,True,True
230.022175,28,315.392289,True,True
296.05287,4,316.029084,True,True
-156.196137,100,317.887978,False,False
290.836153,9,318.575529,True,True
298.448171,2,319.169942,True,True
300.855058,2,319.7585,True,True
298.028393,3,320.364342,True,True
76.131389,90,322.37928,True,True
299.776911,3,322.982591,True,True
299.0,1,323.559137,True,True
289.115669,10,324.275341,True,True
294.548834,5,324.919658,True,True
300.871846,2,325.517112,True,True
295.87814,4,326.133869,True,True
298.42599,2,326.72696,True,True
293.689802,6,327.398949,True,True
294.642926,6,328.053061,True,True
-152.542388,100,329.944002,False,False
126.033093,66,331.523481,True,True
295.051047,6,332.17216,True,True
298.291281,3,332.789282,True,True
297.04147,3,333.402007,True,True
-153.313624,100,335.269549,False,False
294.922004,7,335.937154,True,True
297.267016,3,336.542691,True,True
298.397582,2,337.153529,True,True
299.715051,2,337.78291,True,True
299.751579,3,338.414046,True,True
299.0,1,338.989029,True,True
299.0,1,339.550159,True,True
293.666343,6,340.220458,True,True
300.978587,2,340.817569,True,True
297.15557,3,341.439376,True,True
301.100921,2,342.016444,True,True
289.984131,10,342.734957,True,True
299.0,1,343.30777,True,True
301.155361,2,343.891659,True,True
299.0,1,344.451077,True,True
300.716552,2,345.043923,True,True
298.692957,4,345.663762,True,True
295.360617,7,346.329051,True,True
295.720872,5,346.9738,True,True
298.45243,3,347.597007,True,True
299.0,1,348.168351,True,True
299.0,1,348.740789,True,True
296.574155,6,349.389077,True,True
301.109916,2,349.975604,True,True
301.16854,2,350.569541,True,True
-145.363945,100,352.429284,False,False
293.360172,7,353.116106,True,True
296.393219,4,353.730652,True,True
298.438322,2,354.317195,True,True
299.0,1,354.878993,True,True
299.0,1,355.489794,True,True
297.668106,5,356.123227,True,True
297.269707,3,356.707387,True,True
297.506033,3,357.310652,True,True
293.782575,8,357.983423,True,True
295.010197,6,358.623194,True,True
291.514234,8,359.287901,True,True
-167.871973,100,361.199599,False,False
301.010408,2,361.781153,True,True
299.0,1,362.350031,True,True
-185.552786,100,364.252019,False,False
298.476906,2,364.818879,True,True
299.0,1,365.389801,True,True
299.0,1,365.979162,True,True
301.124079,2,366.562814,True,True
-183.055454,100,368.441919,False,False
-174.407746,100,370.323094,False,False
298.763257,2,370.896138,True,True
301.073408,2,371.487022,True,True
297.312786,3,372.09648,True,True
299.777266,3,372.706234,True,True
299.0,1,373.285688,True,True
299.0,1,373.892696,True,True
-162.67636,100,375.76501,False,False
299.541049,2,376.347321,True,True
298.483691,3,376.961873,True,True
297.257694,3,377.569719,True,True
-171.217059,100,379.445878,False,False
296.1906,4,380.065343,True,True
297.022944,4,380.700706,True,True
298.247437,4,381.333988,True,True
-157.655753,100,383.207539,False,False
299.811147,3,383.820038,True,True
-154.970224,100,385.64675,False,False
291.809915,8,386.311349,True,True
-160.394629,100,388.122981,False,False
298.619771,2,388.715713,True,True
236.28076,23,389.627468,True,True
-156.688419,100,391.518661,False,False
299.0,1,392.097174,True,True
-168.912727,100,394.000103,False,False
299.0,1,394.563497,True,True
301.046318,2,395.169587,True,True
298.853819,4,395.790081,True,True
299.0,1,396.359528,True,True
300.056104,3,396.971656,True,True
295.341105,5,397.630853,True,True
299.517938,2,398.230302,True,True
299.0,1,398.805204,True,True
-149.991974,100,400.710333,False,False
296.494739,6,401.37037,True,True
301.073185,2,401.953722,True,True
299.0,1,402.554864,True,True
297.486477,3,403.173287,True,True
298.409212,2,403.777476,True,True
299.0,1,404.365382,True,True
297.595243,3,404.972528,True,True
296.434535,4,405.581339,True,True
301.139467,2,406.164074,True,True
296.218767,4,406.781473,True,True
234.078671,28,407.7778,True,True
299.0,1,408.351877,True,True
300.04155,3,408.973289,True,True
295.220266,5,409.610454,True,True
297.307967,3,410.219321,True,True
299.0,1,410.780756,True,True
-143.779597,100,412.670758,False,False
299.0,1,413.236948,True,True
299.50693,2,413.838155,True,True
298.404479,2,414.425731,True,True
298.737835,2,415.011371,True,True
296.457519,6,415.661618,True,True
301.122747,2,416.245646,True,True
297.210413,5,416.889733,True,True
105.368507,26,417.81325,True,False
268.797209,13,418.569957,True,True
299.0,1,419.141661,True,True
299.0,1,419.837207,True,True
186.974454,57,421.305063,True,True
300.029929,3,421.92091,True,True
267.902753,24,422.858928,True,True
300.973754,2,423.437267,True,True
298.694213,2,424.02762,True,True
297.328698,3,424.648067,True,True
298.608898,2,425.240655,True,True
301.037184,2,425.8303,True,True
299.0,1,426.418697,True,True
291.145031,9,427.150579,True,True
298.434143,2,427.741562,True,True
301.08044,2,428.315742,True,True
298.864791,4,428.938312,True,True
301.090247,2,429.520292,True,True
299.954679,3,430.123461,True,True
299.0,1,430.716724,True,True
299.0,1,431.289058,True,True
299.0,1,431.870799,True,True
300.849663,2,432.468094,True,True
299.0,1,433.045117,True,True
297.339478,4,433.651437,True,True
139.267912,2,434.570861,True,False
299.0,1,435.142541,True,True
298.280438,2,435.738471,True,True
299.634487,2,436.313489,True,True
293.460094,7,436.996573,True,True
301.152057,2,437.579045,True,True
294.822091,5,438.203649,True,True
301.102047,2,438.775368,True,True
298.79364,4,439.391566,True,True
300.770102,2,439.973133,True,True
299.0,1,440.551064,True,True
299.843364,3,441.17465,True,True
298.429279,2,441.775486,True,True
299.0,1,442.366734,True,True
299.0,1,442.942215,True,True
297.408811,4,443.555287,True,True
299.0,1,444.105369,True,True
299.0,1,444.680222,True,True
299.669181,2,445.275924,True,True
299.0,1,445.848995,True,True
297.216338,4,446.489991,True,True
299.427306,2,447.070266,True,True
290.247973,11,447.821418,True,True
298.71168,4,448.453457,True,True
293.144138,9,449.159167,True,True
300.92165,2,449.763499,True,True
298.635421,4,450.386706,True,True
300.73969,2,450.97935,True,True
299.0,1,451.536927,True,True
296.446628,6,452.202982,True,True
299.982046,3,452.805468,True,True
299.741473,2,453.387329,True,True
297.476335,3,453.99611,True,True
297.538073,3,454.594593,True,True
299.767952,3,455.192495,True,True
299.0,1,455.760791,True,True
158.171334,3,456.340545,True,False
298.318817,3,456.965938,True,True
298.310092,3,457.624664,True,True
140.94239,2,458.600261,True,False
296.205295,4,459.228583,True,True
299.0,1,459.823945,True,True
296.23158,6,460.475733,True,True
294.023167,7,461.139431,True,True
296.166,4,461.763115,True,True
298.415903,2,462.349404,True,True
299.0,1,462.903898,True,True
299.0,1,463.49235,True,True
298.649534,4,464.116455,True,True
295.040497,5,464.741654,True,True
297.24373,4,465.344235,True,True
299.0,1,465.929852,True,True
298.582313,3,466.550317,True,True
293.51752,7,467.266689,True,True
299.608567,2,467.87889,True,True
299.0,1,468.450991,True,True
299.0,1,469.015977,True,True
296.424236,4,469.641271,True,True
298.647554,2,470.219012,True,True
299.0,1,470.789577,True,True
292.585392,9,471.491735,True,True
299.0,1,472.054748,True,True
299.0,1,472.613828,True,True
299.915045,3,473.2422,True,True
299.0,1,473.860526,True,True
298.442046,2,474.477493,True,True
299.0,1,475.059779,True,True
299.046999,3,475.669006,True,True
299.68435,2,476.278999,True,True
299.473156,2,476.888311,True,True
299.0,1,477.461112,True,True
297.344317,3,478.056473,True,True
296.383452,4,478.6818,True,True
299.0,1,479.25769,True,True
299.0,1,479.822543,True,True
295.81823,5,480.452976,True,True
296.46172,3,481.033011,True,True
299.0,1,481.602653,True,True
299.574638,2,482.200058,True,True
299.783384,3,482.801111,True,True
289.764899,12,483.557109,True,True
298.825467,4,484.174253,True,True
297.744189,5,484.810559,True,True
296.293247,5,485.459505,True,True
294.769702,5,486.109227,True,True
297.397974,4,486.757308,True,True
290.457341,10,487.449956,True,True
294.905029,7,488.107635,True,True
298.304264,2,488.688097,True,True
299.0,1,489.289585,True,True
296.521385,4,489.93055,True,True
299.479823,3,490.538057,True,True
291.956209,10,491.259165,True,True
296.028942,4,491.896969,True,True
298.269505,3,492.516533,True,True
299.0,1,493.081254,True,True
299.0,1,493.779674,True,True
299.0,1,494.386447,True,True
299.0,1,494.963182,True,True
298.334137,3,495.568965,True,True
285.411031,14,496.344931,True,True
297.053426,3,496.945392,True,True
293.292453,6,497.607021,True,True
297.298838,3,498.204829,True,True
299.0,1,498.77416,True,True
293.861067,6,499.405707,True,True
289.392134,12,500.136558,True,True
297.984076,4,500.765312,True,True
296.310708,5,501.40723,True,True
293.858167,7,502.053977,True,True
300.715338,2,502.657488,True,True
299.0,1,503.248895,True,True
298.34506,3,503.862528,True,True
298.611057,3,504.483663,True,True
299.0,1,505.056614,True,True
290.029588,9,505.750318,True,True
299.893786,3,506.358067,True,True
299.0,1,506.909576,True,True
298.78357,4,507.523426,True,True
296.04146,4,508.139246,True,True
295.645277,5,508.766629,True,True
285.874169,14,509.53849,True,True
301.122345,2,510.121905,True,True
292.244779,9,510.828165,True,True
159.515317,2,511.429195,True,False
294.675151,7,512.093881,True,True
298.159825,3,512.690599,True,True
299.0,1,513.270111,True,True
298.549386,2,513.843105,True,True
155.990463,5,514.424415,True,False
281.340891,17,515.248896,True,True
299.713838,3,515.863503,True,True
299.0,1,516.458487,True,True
297.775317,3,517.055452,True,True
299.0,1,517.632397,True,True
293.588688,8,518.339368,True,True
299.0,1,518.916545,True,True
298.439796,2,519.514512,True,True
297.03933,4,520.147312,True,True
299.0,1,520.732061,True,True
299.0,1,521.315336,True,True
299.0,1,521.871983,True,True
299.0,1,522.436793,True,True
299.87152,3,523.025168,True,True
299.0,1,523.606758,True,True
284.935737,13,524.354791,True,True
299.629202,2,524.943683,True,True
299.15353,2,525.516305,True,True
299.0,1,526.075075,True,True
299.0,1,526.652376,True,True
299.0,1,527.249496,True,True
299.89545,3,527.859729,True,True
300.992905,2,528.451185,True,True
293.796756,7,529.139916,True,True
299.615264,2,529.711128,True,True
295.833237,6,530.36207,True,True
301.07505,2,530.963652,True,True
298.414959,4,531.597312,True,True
299.0,1,532.188439,True,True
299.0,1,532.815289,True,True
290.337561,9,533.489978,True,True
295.0861,5,534.134307,True,True
299.0,1,534.71418,True,True
291.077617,8,535.411706,True,True
300.993278,2,536.012439,True,True
299.0,1,536.603492,True,True
296.087009,4,537.223018,True,True
298.705607,2,537.797071,True,True
296.508664,6,538.443949,True,True
298.343222,2,539.037957,True,True
299.0,1,539.617561,True,True
300.299626,2,540.207407,True,True
298.270469,2,540.787114,True,True
299.316858,2,541.365897,True,True
298.385629,4,542.013954,True,True
299.579032,2,542.608222,True,True
298.602006,4,543.257017,True,True
143.606231,14,544.046386,True,False
297.299647,3,544.646976,True,True
299.505157,2,545.239114,True,True
293.931097,6,545.904629,True,True
297.11964,5,546.545083,True,True
298.629064,4,547.16329,True,True
298.356911,3,547.760899,True,True
286.736574,13,548.507799,True,True
296.000847,4,549.136839,True,True
298.489774,4,549.767302,True,True
299.0,1,550.363364,True,True
297.191145,3,550.967684,True,True
290.726568,9,551.679301,True,True
299.70198,2,552.265504,True,True
298.116729,4,552.903161,True,True
298.31583,2,553.491005,True,True
299.0,1,554.048962,True,True
299.455772,2,554.653571,True,True
297.209756,3,555.248668,True,True
298.710475,4,555.860146,True,True
300.811259,2,556.41384,True,True
295.188414,5,557.038722,True,True
299.0,1,557.622837,True,True
298.606432,4,558.251009,True,True
288.663433,10,558.957474,True,True
298.397203,3,559.583354,True,True
298.200473,2,560.173295,True,True
297.478514,5,560.819854,True,True
300.472439,2,561.430327,True,True
299.0,1,562.020241,True,True
299.0,1,562.60183,True,True
293.409997,7,563.265116,True,True
295.933862,6,563.909096,True,True
297.194263,5,564.542832,True,True
299.10855,2,565.152346,True,True
299.0,1,565.707196,True,True
296.958595,4,566.338522,True,True
298.924609,2,566.934846,True,True
284.978306,13,567.721047,True,True
299.0,1,568.296316,True,True
291.244719,8,568.979721,True,True
299.469083,2,569.550867,True,True
297.024137,3,570.167116,True,True
284.630473,14,570.955688,True,True
299.0,1,571.546922,True,True
295.921714,4,572.165633,True,True
299.0,1,572.760684,True,True
298.344783,3,573.372102,True,True
290.873481,9,574.080816,True,True
293.78979,6,574.742032,True,True
299.0,1,575.30739,True,True
298.376708,3,575.915378,True,True
284.864453,15,576.725055,True,True
294.534527,5,577.3687,True,True
295.680254,6,578.036946,True,True
299.702703,3,578.637823,True,True
297.284971,5,579.272322,True,True
292.871972,7,579.946357,True,True
300.250288,2,580.537026,True,True
295.729127,4,581.156485,True,True
298.987445,3,581.776395,True,True
299.492809,3,582.390416,True,True
291.913188,9,583.092328,True,True
291.570836,8,583.765248,True,True
297.408008,3,584.376244,True,True
299.0,1,584.951937,True,True
299.377262,3,585.554248,True,True
298.415222,3,586.169209,True,True
295.479474,4,586.796185,True,True
296.833044,3,587.410242,True,True
299.532631,2,588.001802,True,True
301.009244,2,588.602367,True,True
298.530489,3,589.221456,True,True
296.073716,5,589.855017,True,True
299.444722,3,590.481992,True,True
299.385128,3,591.080132,True,True
298.478775,3,591.693147,True,True
294.841326,5,592.337028,True,True
288.646641,11,593.102635,True,True
298.874007,3,593.702088,True,True
299.0,1,594.28079,True,True
293.630197,7,594.94878,True,True
298.34836,4,595.598151,True,True
299.613831,2,596.209313,True,True
299.0,1,596.77914,True,True
298.14011,2,597.385057,True,True
299.469536,2,597.979848,True,True
295.881448,5,598.608543,True,True
298.08059,2,599.200246,True,True
291.944757,8,599.893605,True,True
290.029015,9,600.590442,True,True
292.450635,7,601.253676,True,True
297.21139,3,601.866924,True,True
296.211832,6,602.510009,True,True
293.707866,6,603.120588,True,True
296.18739,3,603.755757,True,True
301.010231,2,604.350104,True,True
298.981485,2,604.950466,True,True
294.294466,8,605.623318,True,True
298.344679,3,606.20513,True,True
158.432096,3,606.799419,True,False
300.981097,2,607.376744,True,True
299.442302,2,607.983095,True,True
299.0,1,608.563682,True,True
289.992868,9,609.257186,True,True
299.0,1,609.818285,True,True
297.21984,4,610.451869,True,True
157.353908,4,611.053209,True,False
297.347746,5,611.685144,True,True
298.826336,4,612.320695,True,True
295.699915,6,612.978013,True,True
299.0,1,613.542892,True,True
299.0,1,614.130301,True,True
297.711236,5,614.758984,True,True
299.0,1,615.34405,True,True
159.570207,2,615.945459,True,False
298.465256,2,616.536824,True,True
299.640474,3,617.145198,True,True
298.705051,2,617.726202,True,True
137.138457,3,618.666886,True,False
292.593357,7,619.342472,True,True
298.34972,2,619.943675,True,True
294.511623,6,620.572009,True,True
298.60131,2,621.145937,True,True
296.132984,5,621.761353,True,True
286.417539,12,622.521814,True,True
294.495706,6,623.176687,True,True
296.3205,4,623.82085,True,True
291.21691,8,624.498419,True,True
299.429199,2,625.06611,True,True
294.631517,7,625.728842,True,True
300.971611,2,626.307029,True,True
291.180878,8,627.000042,True,True
298.02021,2,627.588911,True,True
296.40959,6,628.24605,True,True
281.910617,16,629.050013,True,True
298.116582,3,629.664199,True,True
284.724444,16,630.488792,True,True
298.333369,2,631.087428,True,True
299.0,1,631.640863,True,True
299.0,1,632.212204,True,True
298.045534,2,632.814486,True,True
299.733731,2,633.4175,True,True
290.857104,9,634.119388,True,True
298.236789,2,634.693833,True,True
299.0,1,635.267371,True,True
299.595094,2,635.841662,True,True
296.167345,6,636.502241,True,True
287.462414,11,637.229352,True,True
299.395752,3,637.827828,True,True
298.047093,4,638.466662,True,True
297.159739,3,639.078166,True,True
298.432949,4,639.725636,True,True
299.0,1,640.29657,True,True
299.0,1,640.867267,True,True
293.538272,6,641.506609,True,True
300.463899,2,642.089947,True,True
299.544848,3,642.701609,True,True
299.187203,3,643.321569,True,True
298.31295,2,643.896463,True,True
298.456062,3,644.499357,True,True
299.0,1,645.075896,True,True
299.0,1,645.655445,True,True
294.568373,6,646.319883,True,True
296.19521,5,646.974131,True,True
294.049982,4,647.623048,True,True
294.980058,5,648.266433,True,True
299.0,1,648.867233,True,True
280.243892,17,649.711038,True,True
299.0,1,650.294636,True,True
297.134019,5,650.929167,True,True
285.584396,13,651.703289,True,True
299.713399,2,652.302094,True,True
286.866859,12,653.033828,True,True
299.541688,2,653.607815,True,True
299.0,1,654.154281,True,True
299.554505,3,654.764368,True,True
297.14113,4,655.397997,True,True
289.971017,10,656.109073,True,True
299.417603,2,656.715919,True,True
299.0,1,657.28505,True,True
289.751689,10,657.999729,True,True
295.986362,6,658.670213,True,True
299.0,1,659.247088,True,True
298.418918,3,659.852922,True,True
298.24513,4,660.468417,True,True
289.114771,10,661.167245,True,True
297.460361,3,661.761162,True,True
298.033084,2,662.357597,True,True
297.311678,4,662.974336,True,True
299.620625,2,663.562465,True,True
298.212106,3,664.147238,True,True
287.547692,11,664.888852,True,True
294.23377,6,665.555662,True,True
270.086384,24,666.486933,True,True
299.0,1,667.057862,True,True
292.640526,7,667.74258,True,True
297.322776,3,668.344401,True,True
299.163194,2,668.9275,True,True
293.508598,6,669.562535,True,True
299.0,1,670.134688,True,True
299.0,1,670.697045,True,True
274.708297,18,671.530725,True,True
300.730706,2,672.133457,True,True
293.941761,7,672.804733,True,True
297.918073,3,673.43643,True,True
296.005553,4,674.061587,True,True
294.837203,5,674.715652,True,True
294.016669,7,675.386679,True,True
299.0,1,675.970263,True,True
299.955555,2,676.548763,True,True
284.53656,14,677.342613,True,True
299.582531,2,677.94366,True,True
293.392223,5,678.5896,True,True
299.0,1,679.130334,True,True
299.0,1,679.696155,True,True
299.508236,2,680.287378,True,True
298.520444,3,680.888905,True,True
297.101629,4,681.482283,True,True
299.0,1,682.089941,True,True
294.792347,5,682.725376,True,True
294.685865,6,683.350127,True,True
292.500154,7,684.004395,True,True
288.744896,11,684.733665,True,True
297.194459,3,685.322515,True,True
300.529336,2,685.909254,True,True
298.052358,4,686.534522,True,True
297.262821,4,687.173939,True,True
299.0,1,687.729433,True,True
296.532137,3,688.34856,True,True
299.960581,2,688.947797,True,True
291.564119,8,689.651369,True,True
289.720264,9,690.332152,True,True
296.865823,4,690.926841,True,True
295.745004,5,691.566926,True,True
295.109313,5,692.197798,True,True
294.290433,6,692.854028,True,True
298.615533,3,693.464965,True,True
300.020772,2,694.05971,True,True
297.463563,4,694.679016,True,True
291.913811,9,695.376336,True,True
299.474288,2,695.996078,True,True
293.311048,8,696.664443,True,True
296.829359,4,697.290824,True,True
298.471801,3,697.897506,True,True
301.048737,2,698.486547,True,True
287.941944,11,699.226434,True,True
295.795814,5,699.849797,True,True
299.0,1,700.440641,True,True
299.0,1,701.010473,True,True
296.148233,5,701.629953,True,True
292.301437,4,702.245023,True,True
293.896726,6,702.905975,True,True
296.191937,6,703.567135,True,True
296.319595,4,704.183645,True,True
288.289758,11,704.929929,True,True
296.156396,4,705.552783,True,True
294.914972,5,706.191602,True,True
294.719676,5,706.838001,True,True
296.088631,4,707.464239,True,True
291.621539,9,708.152169,True,True
298.380256,3,708.772682,True,True
291.472186,8,709.471662,True,True
293.304178,7,710.145914,True,True
295.045852,5,710.788519,True,True
299.0,1,711.380023,True,True
299.0,1,711.964508,True,True
299.0,1,712.540106,True,True
290.713169,8,713.218356,True,True
299.0,1,713.789126,True,True
299.714284,2,714.380371,True,True
299.249014,2,714.967685,True,True
301.01186,2,715.550648,True,True
295.688783,5,716.18203,True,True
299.105098,2,716.760167,True,True
294.75902,6,717.431335,True,True
297.276422,4,718.056176,True,True
299.0,1,718.646523,True,True
299.491372,3,719.259121,True,True
298.622548,2,719.826081,True,True
296.267808,2,720.422563,True,True
296.054946,4,721.046642,True,True
297.46048,4,721.68532,True,True
286.644175,12,722.454264,True,True
284.402883,14,723.244671,True,True
294.661719,5,723.878615,True,True
298.600356,3,724.489498,True,True
294.516863,5,725.135205,True,True
299.0,1,725.711524,True,True
299.656518,3,726.313085,True,True
299.0,1,726.879726,True,True
294.877122,6,727.523041,True,True
295.643772,4,728.16586,True,True
299.443929,2,728.72984,True,True
291.114874,8,729.417667,True,True
293.994294,6,730.060736,True,True
296.442634,4,730.691258,True,True
296.093082,6,731.358559,True,True
298.175559,2,731.943456,True,True
291.897371,9,732.636589,True,True
299.0,1,733.209978,True,True
297.431517,3,733.802378,True,True
293.833419,6,734.449616,True,True
292.161735,7,735.120279,True,True
297.211335,3,735.711316,True,True
299.612208,2,736.300449,True,True
299.655668,2,736.904671,True,True
139.262988,3,737.878222,True,False
299.0,1,738.469274,True,True
293.343133,6,739.111592,True,True
299.0,1,739.691428,True,True
156.511652,4,740.301855,True,False
293.7581,6,740.950709,True,True
296.307733,4,741.583689,True,True
288.860527,10,742.308733,True,True
293.500768,6,742.961695,True,True
290.951836,8,743.652992,True,True
297.397318,4,744.270707,True,True
281.074766,17,745.076068,True,True
287.799947,11,745.79101,True,True
299.042324,2,746.364961,True,True
296.247731,5,746.985792,True,True
296.080896,5,747.622106,True,True
299.0,1,748.20046,True,True
297.355364,4,748.814942,True,True
299.732216,2,749.410247,True,True
296.129042,4,750.052777,True,True
296.383355,4,750.66373,True,True
299.85535,3,751.268974,True,True
299.69685,2,751.865269,True,True
299.0,1,752.433531,True,True
294.62437,6,753.066529,True,True
281.796259,16,753.879461,True,True
293.749816,8,754.573818,True,True
299.0,1,755.151615,True,True
299.0,1,755.724004,True,True
297.104555,3,756.339246,True,True
299.751623,3,756.951017,True,True
297.712705,4,757.574406,True,True
299.0,1,758.139818,True,True
298.408354,2,758.734336,True,True
298.975471,2,759.298189,True,True
299.0,1,759.86248,True,True
298.467774,3,760.446881,True,True
287.485239,12,761.199193,True,True
291.890145,8,761.868045,True,True
297.200612,4,762.48725,True,True
295.895126,5,763.116071,True,True
299.0,1,763.695839,True,True
294.105764,6,764.355719,True,True
286.817764,12,765.098657,True,True
299.352021,2,765.697092,True,True
298.449476,3,766.305471,True,True
298.303829,3,766.925425,True,True
294.882043,5,767.56077,True,True
285.32671,13,768.318557,True,True
299.674283,2,768.907638,True,True
297.656052,4,769.529142,True,True
300.846932,2,770.133417,True,True
295.380659,6,770.79308,True,True
151.67908,8,771.480517,True,False
296.645254,4,772.101275,True,True
299.0,1,772.685946,True,True
299.0,1,773.307971,True,True
287.81965,11,774.043677,True,True
282.100492,14,774.828569,True,True
286.826788,10,775.549296,True,True
291.759484,8,776.215522,True,True
293.207887,7,776.902189,True,True
299.0,1,777.477636,True,True
298.39055,2,778.055457,True,True
287.032564,13,778.831401,True,True
299.0,1,779.391095,True,True
296.225906,5,780.027719,True,True
265.385518,31,781.093953,True,True
299.436971,2,781.674392,True,True
298.30582,4,782.372625,True,True
299.782527,3,782.989025,True,True
294.019012,6,783.644289,True,True
297.515951,3,784.268163,True,True
298.493162,4,784.900176,True,True
278.051393,17,785.742013,True,True
291.450144,9,786.450401,True,True
297.219125,3,787.041614,True,True
300.693789,2,787.643488,True,True
299.662872,2,788.227445,True,True
128.744486,11,789.250478,True,False
293.75777,6,789.91564,True,True
299.893744,3,790.530507,True,True
294.9674,5,791.163934,True,True
296.122778,5,791.788075,True,True
300.014376,3,792.411397,True,True
299.743972,2,792.987605,True,True
297.415553,3,793.613301,True,True
298.312891,3,794.21067,True,True
290.861738,9,794.918056,True,True
298.20825,2,795.501544,True,True
299.639217,3,796.11558,True,True
292.721145,7,796.801303,True,True
299.0,1,797.365327,True,True
293.773754,7,798.050197,True,True
159.0,1,798.59859,True,False
294.93437,4,799.228764,True,True
293.908107,7,799.912265,True,True
292.595518,5,800.567785,True,True
299.0,1,801.139778,True,True
295.434586,5,801.779738,True,True
299.0,1,802.369868,True,True
299.0,1,802.935333,True,True
299.0,1,803.506952,True,True
293.874018,7,804.186534,True,True
291.155918,8,804.844582,True,True
289.516721,10,805.518939,True,True
292.863591,5,806.287476,True,True
298.276388,4,806.968117,True,True
297.350547,4,807.596237,True,True
295.162548,5,808.226084,True,True
299.726855,2,808.81424,True,True
291.41809,9,809.514199,True,True
274.653584,22,810.419482,True,True
292.389827,7,811.094944,True,True
283.227638,13,811.853067,True,True
296.377877,4,812.483405,True,True
297.17428,3,813.081088,True,True
290.394754,9,813.798464,True,True
296.268054,4,814.413478,True,True
288.873767,7,815.101532,True,True
297.517606,4,815.72074,True,True
297.593476,3,816.326509,True,True
299.0,1,816.89737,True,True
299.0,1,817.463476,True,True
299.0,1,818.034346,True,True
295.270458,5,818.658683,True,True
298.13244,3,819.238933,True,True
295.741511,5,819.8858,True,True
299.0,1,820.466753,True,True
299.0,1,821.058339,True,True
297.460301,3,821.669987,True,True
285.167486,13,822.435199,True,True
277.985765,17,823.264349,True,True
285.952091,11,823.99554,True,True
282.177014,6,824.648153,True,True
299.0,1,825.21356,True,True
297.364364,3,825.8301,True,True
299.0,1,826.401763,True,True
299.0,1,826.98136,True,True
292.598354,7,827.641197,True,True
300.325955,2,828.217507,True,True
287.736514,11,828.953353,True,True
294.209588,6,829.618345,True,True
294.773281,4,830.24554,True,True
293.255337,7,830.902278,True,True
296.461359,4,831.514019,True,True
286.100896,13,832.277164,True,True
286.846559,7,832.950778,True,True
285.062456,14,833.723184,True,True
299.0,1,834.269864,True,True
289.265998,8,834.955741,True,True
299.0,1,835.522759,True,True
299.0,1,836.086458,True,True
299.381768,3,836.70035,True,True
299.0,1,837.274526,True,True
295.970151,5,837.909915,True,True
294.52518,6,838.591884,True,True
300.386352,2,839.190614,True,True
284.564492,13,839.944898,True,True
300.985229,2,840.526081,True,True
296.230238,4,841.153599,True,True
295.317737,5,841.795671,True,True
299.0,1,842.390092,True,True
279.42084,16,843.288688,True,True
270.887962,22,844.210142,True,True
297.977624,3,844.802351,True,True
298.762866,3,845.411649,True,True
288.380537,11,846.117091,True,True
158.205593,4,846.733515,True,False
298.700135,2,847.354458,True,True
297.294533,3,847.950491,True,True
299.0,1,848.513661,True,True
299.0,1,849.104149,True,True
282.27126,12,849.851202,True,True
296.888115,3,850.465403,True,True
291.588522,8,851.143157,True,True
298.701417,2,851.746653,True,True
293.849876,5,852.390698,True,True
283.811939,14,853.176081,True,True
297.906323,3,853.786205,True,True
297.299955,3,854.403064,True,True
296.179483,5,855.040028,True,True
293.454017,4,855.685582,True,True
293.796453,4,856.318113,True,True
297.543677,3,856.91645,True,True
292.431275,7,857.569474,True,True
286.268944,13,858.326188,True,True
289.625254,10,859.035414,True,True
298.339,4,859.656893,True,True
299.722484,2,860.237724,True,True
298.003573,4,861.010917,True,True
299.0,1,861.573861,True,True
292.216764,8,862.382075,True,True
298.551105,2,862.993381,True,True
299.16889,2,863.589877,True,True
290.585685,10,864.30501,True,True
298.602102,3,864.918351,True,True
299.562556,2,865.515908,True,True
292.621486,8,866.193693,True,True
288.132019,11,866.925859,True,True
270.172487,13,867.691221,True,True
158.721608,2,868.288268,True,False
296.250633,4,868.927259,True,True
288.932492,12,869.697787,True,True
298.768539,2,870.287743,True,True
289.509214,11,871.016804,True,True
299.0,1,871.593759,True,True
290.349043,9,872.313634,True,True
277.623203,12,873.079268,True,True
299.74018,2,873.677177,True,True
269.099819,22,874.572746,True,True
291.76538,8,875.26823,True,True
299.076177,2,875.852005,True,True
299.0,1,876.43655,True,True
297.999654,3,877.007695,True,True
294.576621,3,877.603752,True,True
296.078044,4,878.21138,True,True
293.395116,7,878.865871,True,True
254.305433,31,879.944144,True,True
291.874676,8,880.621044,True,True
290.743624,9,881.312939,True,True
296.193546,4,881.943944,True,True
287.777147,8,882.633477,True,True
292.8651,8,883.326602,True,True
298.530432,3,883.938288,True,True
294.01718,6,884.647018,True,True
288.982325,11,885.404276,True,True
297.427812,3,886.01195,True,True
297.232958,4,886.630388,True,True
293.498681,7,887.310983,True,True
295.000348,6,887.972973,True,True
278.697574,16,888.770295,True,True
299.706863,2,889.353676,True,True
293.743037,6,890.013451,True,True
287.075572,10,890.724479,True,True
296.548316,6,891.384022,True,True
299.0,1,891.967568,True,True
298.523554,4,892.586031,True,True
299.0,1,893.151034,True,True
298.446591,2,893.743835,True,True
279.701976,13,894.560561,True,True
284.452409,10,895.280931,True,True
298.104487,4,895.905308,True,True
242.639943,28,896.912314,True,True
295.747379,5,897.556744,True,True
299.707606,2,898.15695,True,True
298.429064,2,898.743656,True,True
292.132966,8,899.421822,True,True
298.285765,3,900.020634,True,True
299.0,1,900.593936,True,True
292.975525,4,901.21816,True,True
295.996151,4,901.838866,True,True
298.102535,3,902.442161,True,True
296.768773,4,903.055195,True,True
299.0,1,903.623341,True,True
299.0,1,904.186197,True,True
293.965571,7,904.866136,True,True
298.243016,2,905.484759,True,True
290.495093,7,906.151662,True,True
289.60426,7,906.872752,True,True
298.217797,2,907.467145,True,True
299.732809,2,908.050396,True,True
295.086592,6,908.721368,True,True
299.688283,2,909.319295,True,True
299.0,1,909.897709,True,True
299.643483,2,910.493343,True,True
296.078814,4,911.135958,True,True
291.666127,9,911.844803,True,True
299.126395,2,912.459141,True,True
298.826666,2,913.013961,True,True
296.292706,4,913.622521,True,True
299.0,1,914.203304,True,True
295.461184,5,914.835702,True,True
289.611872,9,915.548093,True,True
299.671673,2,916.137781,True,True
299.701709,2,916.734531,True,True
298.210965,3,917.352805,True,True
295.125612,5,917.992675,True,True
299.0,1,918.561646,True,True
293.885154,7,919.235919,True,True
298.359059,3,919.854691,True,True
294.962234,5,920.486861,True,True
298.520549,3,921.084579,True,True
291.933037,6,921.73496,True,True
296.285767,5,922.364726,True,True
299.0,1,922.934569,True,True
295.973911,4,923.569557,True,True
298.502507,3,924.187849,True,True
299.0,1,924.764311,True,True
295.370869,4,925.390679,True,True
299.60437,2,926.00517,True,True
292.174547,8,926.689452,True,True
296.288262,4,927.302505,True,True
298.499248,3,927.918924,True,True
298.432648,2,928.518665,True,True
130.525325,8,929.461346,True,False
296.130418,4,930.089842,True,True
298.987965,2,930.699594,True,True
297.200545,3,931.30317,True,True
298.717465,2,931.883151,True,True
297.239772,3,932.476921,True,True
299.688496,2,933.064803,True,True
298.218603,2,933.653092,True,True
296.815484,5,934.289553,True,True
285.212631,13,935.084957,True,True
291.702647,5,935.726297,True,True
299.322461,2,936.314351,True,True
298.319471,2,936.896972,True,True
298.073989,2,937.489446,True,True
296.779767,3,938.105019,True,True
299.0,1,938.678206,True,True
300.388593,2,939.260289,True,True
296.387468,4,939.891884,True,True
293.411747,4,940.519202,True,True
295.219436,6,941.163712,True,True
299.0,1,941.748411,True,True
299.0,1,942.311735,True,True
299.718212,2,942.898675,True,True
299.0,1,943.46931,True,True
299.65184,2,944.058397,True,True
299.426494,2,944.637123,True,True
291.381311,9,945.316531,True,True
287.354676,11,946.053679,True,True
300.536464,2,946.660941,True,True
288.245266,7,947.337353,True,True
289.653076,10,948.030441,True,True
298.364472,3,948.63864,True,True
297.473865,3,949.257035,True,True
298.932744,3,949.874742,True,True
286.651347,12,950.628194,True,True
284.578749,14,951.387524,True,True
300.96425,2,951.974928,True,True
298.676435,2,952.566659,True,True
299.0,1,953.114074,True,True
290.251434,10,953.815451,True,True
299.0,1,954.389438,True,True
284.615669,15,955.196076,True,True
298.950668,3,955.79789,True,True
291.386612,8,956.493412,True,True
298.587838,3,957.08366,True,True
177.874529,68,958.7358,True,True
294.709086,5,959.374111,True,True
299.382542,2,959.973645,True,True
298.764441,2,960.552517,True,True
299.166631,3,961.151679,True,True
299.0,1,961.740793,True,True
291.463563,8,962.422267,True,True
299.0,1,963.011125,True,True
299.0,1,963.591673,True,True
290.810006,8,964.291911,True,True
160.264981,67,965.937434,True,True
294.17241,6,966.582894,True,True
299.0,1,967.156391,True,True
292.558052,7,967.827519,True,True
296.231423,4,968.452255,True,True
260.417285,12,969.245396,True,True
297.161421,4,969.854387,True,True
266.883162,19,970.729244,True,True
295.83175,5,971.370221,True,True
297.682997,3,971.981349,True,True
298.13341,4,972.624415,True,True
299.0,1,973.191827,True,True
296.205069,4,973.806717,True,True
283.737338,17,974.635093,True,True
299.0,1,975.223336,True,True
299.0,1,975.819858,True,True
294.966781,5,976.442254,True,True
299.0,1,977.028782,True,True
252.375873,19,977.900409,True,True
297.542999,3,978.527198,True,True
299.0,1,979.121853,True,True
299.0,1,979.679369,True,True
298.404232,2,980.265985,True,True
299.0,1,980.840044,True,True
296.869917,3,981.442517,True,True
299.671052,2,982.049367,True,True
294.461063,7,982.732315,True,True
299.0,1,983.314709,True,True
204.709474,49,984.628007,True,True
296.19313,4,985.274471,True,True
298.140757,3,985.891196,True,True
301.069741,2,986.494493,True,True
299.0,1,987.072602,True,True
299.0,1,987.64551,True,True
287.80649,5,988.28828,True,True
293.080819,4,988.909883,True,True
294.868942,5,989.531483,True,True
298.032201,3,990.144448,True,True
262.402608,21,991.02251,True,True
299.0,1,991.609498,True,True
293.51057,7,992.287079,True,True
298.023144,3,992.915029,True,True
298.302876,3,993.544649,True,True
298.180358,2,994.112381,True,True
298.329406,2,994.704377,True,True
299.0,1,995.276021,True,True
297.226896,3,995.890049,True,True
298.151446,2,996.465527,True,True
299.0,1,997.038408,True,True
299.0,1,997.593883,True,True
299.0,1,998.174116,True,True
296.227027,5,998.821419,True,True
298.759696,2,999.419336,True,True
295.459136,6,1000.094514,True,True
297.519146,3,1000.707505,True,True
-121.915734,100,1002.559602,False,False
288.229806,10,1003.284703,True,True
294.750484,6,1003.929611,True,True
-124.139026,100,1005.775147,False,False
299.0,1,1006.361174,True,True
298.554139,3,1006.963788,True,True
297.567556,3,1007.567605,True,True
294.693991,6,1008.208846,True,True
298.615807,2,1008.786328,True,True
297.242074,3,1009.375995,True,True
297.534368,3,1009.969795,True,True
299.0,1,1010.540428,True,True
298.377912,2,1011.126825,True,True
291.662523,8,1011.808089,True,True
299.27303,2,1012.381793,True,True
299.514187,2,1012.977395,True,True
-143.321207,100,1014.861735,False,False
299.0,1,1015.443825,True,True
295.015627,5,1016.082926,True,True
298.439732,2,1016.667912,True,True
296.801495,3,1017.273758,True,True
109.297455,77,1019.049575,True,True
262.293019,20,1019.93397,True,True
291.191639,6,1020.585127,True,True
299.0,1,1021.166394,True,True
298.385745,2,1021.756454,True,True
296.885598,4,1022.378062,True,True
299.178619,2,1022.974876,True,True
298.405251,2,1023.549673,True,True
299.714139,2,1024.129948,True,True
293.621476,7,1024.819373,True,True
298.519839,3,1025.427651,True,True
299.211832,2,1025.9715,True,True
297.116706,4,1026.571012,True,True
298.58075,3,1027.18404,True,True
-175.176808,100,1029.064099,False,False
298.404475,3,1029.641961,True,True
296.346018,4,1030.25228,True,True
300.156211,2,1030.842215,True,True
299.112334,3,1031.446557,True,True
-143.039543,100,1033.333177,False,False
299.0,1,1033.907666,True,True
298.171385,3,1034.528555,True,True
298.431448,2,1035.11505,True,True
299.0,1,1035.690224,True,True
299.0,1,1036.259843,True,True
297.149429,3,1036.862437,True,True
297.1704,3,1037.470385,True,True
289.174881,11,1038.207155,True,True
92.047245,84,1040.161814,True,True
293.634383,6,1040.83127,True,True
295.898908,5,1041.437421,True,True
299.651921,2,1042.038975,True,True
293.82243,6,1042.707692,True,True
299.0,1,1043.280918,True,True
-144.186641,100,1045.175517,False,False
299.0,1,1045.773007,True,True
-169.174281,100,1047.655383,False,False
296.896203,3,1048.260294,True,True
295.209195,5,1048.88425,True,True
294.188751,6,1049.530677,True,True
265.319365,12,1050.278179,True,True
297.295519,3,1050.892677,True,True
298.098751,3,1051.496022,True,True
292.695722,7,1052.140741,True,True
-159.069612,100,1053.991681,False,False
286.067799,14,1054.794624,True,True
291.91138,5,1055.439968,True,True
295.209541,5,1056.094306,True,True
296.619383,4,1056.724251,True,True
157.591677,3,1057.323864,True,False
299.0,1,1057.89374,True,True
-155.456575,100,1059.770247,False,False
299.0,1,1060.356921,True,True
299.536946,3,1060.978182,True,True
298.396355,2,1061.580823,True,True
299.0,1,1062.153694,True,True
297.663111,2,1062.761962,True,True
-200.852322,100,1064.624611,False,False
-150.766133,100,1066.466417,False,False
299.438649,2,1067.038943,True,True
299.0,1,1067.618253,True,True
296.217998,4,1068.247635,True,True
299.571811,2,1068.839203,True,True
299.0,1,1069.431418,True,True
298.337356,2,1069.990126,True,True
158.328052,50,1071.332388,True,True
-147.550991,100,1073.195289,False,False
295.949401,5,1073.821566,True,True
298.700558,2,1074.413161,True,True
298.185229,2,1075.003092,True,True
299.0,1,1075.578216,True,True
300.169802,2,1076.179937,True,True
299.0,1,1076.748423,True,True
297.167257,3,1077.347123,True,True
294.169044,6,1078.021512,True,True
298.807596,3,1078.653474,True,True
297.222533,4,1079.266378,True,True
298.287764,3,1079.878397,True,True
299.0,1,1080.464141,True,True
299.0,1,1081.044472,True,True
-170.30494,100,1082.942405,False,False
299.514365,2,1083.537006,True,True
293.822455,6,1084.169914,True,True
299.0,1,1084.740623,True,True
299.0,1,1085.331045,True,True
299.0,1,1085.919354,True,True
299.0,1,1086.488954,True,True
299.0,1,1087.053442,True,True
298.685494,2,1087.646597,True,True
-158.875752,100,1089.531863,False,False
289.183937,10,1090.242838,True,True
299.0,1,1090.81382,True,True
299.0,1,1091.407276,True,True
299.0,1,1091.999025,True,True
295.13796,5,1092.635128,True,True
294.932991,5,1093.272665,True,True
298.585792,2,1093.878226,True,True
296.101785,6,1094.552922,True,True
297.797604,3,1095.167298,True,True
298.658643,2,1095.768919,True,True
295.765049,5,1096.396293,True,True
299.0,1,1096.982912,True,True
104.124149,12,1098.039221,True,False
-180.568525,100,1099.895908,False,False
299.432739,2,1100.4785,True,True
299.0,1,1101.04094,True,True
299.0,1,1101.611518,True,True
-175.602786,100,1103.478227,False,False
299.0,1,1104.047094,True,True
298.807511,4,1104.682804,True,True
299.488943,2,1105.280424,True,True
299.0,1,1105.875398,True,True
299.0,1,1106.44265,True,True
299.0,1,1107.021835,True,True
300.593452,2,1107.625337,True,True
299.0,1,1108.213468,True,True
297.158847,4,1108.835407,True,True
298.244749,2,1109.450004,True,True
298.408619,3,1110.067649,True,True
297.625183,3,1110.681796,True,True
299.74147,2,1111.269999,True,True
298.435901,3,1111.870865,True,True
298.410619,3,1112.467757,True,True
297.533017,3,1113.066037,True,True
87.222554,88,1115.022873,True,True
299.0,1,1115.594784,True,True
-166.370422,100,1117.481413,False,False
-168.1582,100,1119.312771,False,False
299.0,1,1119.898697,True,True
299.1849,2,1120.492388,True,True
297.512312,3,1121.10028,True,True
299.0,1,1121.687227,True,True
299.0,1,1122.287569,True,True
297.232742,3,1122.885082,True,True
299.0,1,1123.454382,True,True
299.0,1,1124.024393,True,True
296.067201,4,1124.611394,True,True
126.516419,57,1126.057893,True,True
299.0,1,1126.650195,True,True
299.0,1,1127.215084,True,True
182.336412,41,1128.420309,True,True
299.255884,2,1129.031019,True,True
292.777954,7,1129.705209,True,True
298.663996,2,1130.312883,True,True
299.0,1,1130.882864,True,True
-144.557071,100,1132.787664,False,False
296.679527,5,1133.431197,True,True
298.342722,3,1134.046489,True,True
299.0,1,1134.624891,True,True
298.371247,2,1135.204669,True,True
299.710031,2,1135.785756,True,True
299.0,1,1136.356571,True,True
300.364556,2,1136.955268,True,True
299.674984,2,1137.542746,True,True
299.0,1,1138.096275,True,True
299.0,1,1138.682908,True,True
-180.188621,100,1140.565791,False,False
299.0,1,1141.14239,True,True
299.0,1,1141.719677,True,True
54.786982,93,1143.751789,True,True
299.0,1,1144.342982,True,True
289.612619,12,1145.103742,True,True
299.0,1,1145.67159,True,True
-150.902984,100,1147.533246,False,False
65.345229,93,1149.607544,True,True
299.555082,2,1150.212165,True,True
154.121664,56,1151.63253,True,True
-147.427617,100,1153.527549,False,False
143.461237,54,1154.932544,True,True
41.179828,95,1156.985041,True,True
72.143729,36,1158.131095,True,False
298.456514,2,1158.721169,True,True
297.624176,3,1159.323971,True,True
299.705519,2,1159.922493,True,True
299.607332,2,1160.512886,True,True
297.202802,4,1161.118969,True,True
299.0,1,1161.69088,True,True
299.0,1,1162.261111,True,True
299.0,1,1162.861063,True,True
296.373604,5,1163.51922,True,True
-171.600924,100,1165.381346,False,False
298.417504,3,1165.980863,True,True
299.0,1,1166.563017,True,True
299.0,1,1167.135383,True,True
299.0,1,1167.691821,True,True
299.599463,2,1168.304799,True,True
299.863697,3,1168.923259,True,True
299.0,1,1169.502346,True,True
-157.491912,100,1171.38876,False,False
300.529258,2,1171.991437,True,True
299.0,1,1172.565429,True,True
299.0,1,1173.131791,True,True
298.374995,3,1173.698225,True,True
299.0,1,1174.259777,True,True
299.0,1,1174.828614,True,True
298.707078,2,1175.430893,True,True
296.843812,4,1176.067487,True,True
299.276886,2,1176.649071,True,True
299.0,1,1177.2205,True,True
299.0,1,1177.78471,True,True
298.348154,2,1178.371921,True,True
299.0,1,1178.950065,True,True
299.250835,3,1179.560231,True,True
299.0,1,1180.139723,True,True
299.0,1,1180.709545,True,True
-186.899398,100,1182.575658,False,False
272.217429,12,1183.322312,True,True
299.0,1,1183.909262,True,True
299.0,1,1184.484755,True,True
299.0,1,1185.075435,True,True
299.0,1,1185.669109,True,True
297.591092,3,1186.279868,True,True
299.0,1,1186.869329,True,True
159.0,1,1187.438599,True,False
63.393957,88,1189.398435,True,True
67.565351,97,1191.508142,True,True
299.0,1,1192.095908,True,True
299.0,1,1192.658804,True,True
296.378651,4,1193.278277,True,True
299.0,1,1193.853661,True,True
299.199918,3,1194.46433,True,True
299.997858,2,1195.052765,True,True
298.188816,2,1195.682709,True,True
299.62197,2,1196.288315,True,True
298.403799,2,1196.880605,True,True
74.468216,85,1198.817928,True,True
299.0,1,1199.388279,True,True
134.203847,62,1200.928571,True,True
299.0,1,1201.509305,True,True
-164.287219,100,1203.37367,False,False
299.0,1,1203.922902,True,True
273.184798,12,1204.66553,True,True
297.385144,3,1205.280039,True,True
297.257395,3,1205.899655,True,True
296.10334,4,1206.513011,True,True
99.13364,25,1207.444458,True,False
301.007668,2,1208.041226,True,True
-164.139399,100,1209.910955,False,False
298.718284,2,1210.487025,True,True
-152.001111,100,1212.308534,False,False
17.17271,99,1214.49923,True,True
297.34438,3,1215.124465,True,True
299.0,1,1215.686396,True,True
299.0,1,1216.259622,True,True
298.361731,2,1216.856849,True,True
298.242872,3,1217.459831,True,True
298.295614,4,1218.082226,True,True
171.956078,53,1219.490457,True,True
299.0,1,1220.057122,True,True
299.0,1,1220.621972,True,True
298.365414,2,1221.279304,True,True
297.582913,3,1221.874191,True,True
299.0,1,1222.477634,True,True
298.460955,2,1223.058607,True,True
292.097052,7,1223.738249,True,True
298.445226,2,1224.349974,True,True
299.0,1,1224.914682,True,True
299.0,1,1225.475744,True,True
299.564522,2,1226.06077,True,True
248.008328,20,1226.933003,True,True
70.344036,79,1228.752297,True,True
299.0,1,1229.329552,True,True
-151.9902,100,1231.178357,False,False
299.0,1,1231.758405,True,True
299.556913,2,1232.352921,True,True
299.0,1,1232.943605,True,True
291.818762,8,1233.62861,True,True
299.0,1,1234.195217,True,True
299.0,1,1234.761287,True,True
299.0,1,1235.316525,True,True
299.23785,2,1235.918937,True,True
128.782542,61,1237.452902,True,True
299.0,1,1238.035062,True,True
299.252389,3,1238.650715,True,True
299.0,1,1239.218228,True,True
299.0,1,1239.810437,True,True
297.713872,4,1240.443369,True,True
300.453585,2,1241.042046,True,True
299.692913,2,1241.617436,True,True
299.475277,2,1242.202307,True,True
301.124068,2,1242.802278,True,True
300.567828,2,1243.399531,True,True
287.059637,6,1244.046614,True,True
300.364296,2,1244.634729,True,True
298.628245,2,1245.22962,True,True
299.0,1,1245.818104,True,True
299.578535,3,1246.435392,True,True
298.954287,3,1247.046943,True,True
299.0,1,1247.612035,True,True
299.0,1,1248.186424,True,True
299.476611,2,1248.775581,True,True
287.809378,5,1249.416065,True,True
-186.572623,100,1251.292035,False,False
299.403292,2,1251.896215,True,True
299.0,1,1252.466789,True,True
299.0,1,1253.040751,True,True
298.785514,4,1253.673159,True,True
299.0,1,1254.250663,True,True
299.466929,2,1254.831433,True,True
299.0,1,1255.417084,True,True
299.0,1,1255.992974,True,True
298.735996,2,1256.592615,True,True
299.0,1,1257.148534,True,True
299.0,1,1257.716349,True,True
299.572858,2,1258.293576,True,True
298.479935,3,1258.889947,True,True
282.069516,9,1259.584918,True,True
299.0,1,1260.16226,True,True
-152.764175,100,1262.069702,False,False
298.229155,3,1262.663412,True,True
-152.874459,100,1264.526868,False,False
298.464076,2,1265.11997,True,True
299.0,1,1265.713104,True,True
299.350604,2,1266.286408,True,True
294.680655,4,1266.906659,True,True
299.0,1,1267.472097,True,True
299.0,1,1268.04536,True,True
299.0,1,1268.637124,True,True
298.762536,2,1269.222501,True,True
-169.521797,100,1271.135035,False,False
297.632514,3,1271.744902,True,True
298.441018,2,1272.354117,True,True
298.442061,3,1272.942939,True,True
299.0,1,1273.518018,True,True
299.0,1,1274.144815,True,True
300.003246,2,1274.740047,True,True
299.0,1,1275.332546,True,True
298.761102,2,1275.932632,True,True
299.0,1,1276.534918,True,True
297.640111,3,1277.135636,True,True
298.344224,2,1277.721455,True,True
299.0,1,1278.302279,True,True
299.0,1,1278.874116,True,True
293.804626,7,1279.545708,True,True
221.122913,27,1280.52386,True,True
163.753825,54,1281.968207,True,True
299.0,1,1282.54533,True,True
299.507513,2,1283.135067,True,True
182.541965,46,1284.434514,True,True
299.0,1,1284.999959,True,True
-160.130412,100,1286.865866,False,False
298.738645,2,1287.442402,True,True
299.0,1,1288.029826,True,True
299.0,1,1288.620211,True,True
299.0,1,1289.198197,True,True
300.555173,2,1289.792397,True,True
298.764333,2,1290.383118,True,True
299.0,1,1290.957113,True,True
299.900219,3,1291.564678,True,True
299.0,1,1292.140653,True,True
299.71915,2,1292.73563,True,True
299.0,1,1293.31174,True,True
183.538654,48,1294.636218,True,True
298.751172,2,1295.222565,True,True
299.0,1,1295.804658,True,True
299.0,1,1296.382293,True,True
299.0,1,1296.9526,True,True
296.571029,5,1297.589355,True,True
298.423939,2,1298.180049,True,True
299.0,1,1298.764787,True,True
248.222402,22,1299.66492,True,True
-151.115668,100,1301.573074,False,False
299.0,1,1302.150461,True,True
299.434214,2,1302.735965,True,True
298.436098,2,1303.343799,True,True
299.0,1,1303.910155,True,True
298.940704,4,1304.538835,True,True
299.634475,3,1305.147058,True,True
295.019057,5,1305.765128,True,True
299.39377,2,1306.365448,True,True
299.0,1,1306.964287,True,True
298.690412,2,1307.547184,True,True
299.402219,2,1308.137286,True,True
300.385005,2,1308.739467,True,True
159.0,1,1309.305588,True,False
299.0,1,1309.87748,True,True
299.0,1,1310.444567,True,True
189.290367,38,1311.618341,True,True
300.238147,2,1312.214726,True,True
299.409811,2,1312.787817,True,True
296.492172,4,1313.412543,True,True
299.0,1,1313.996603,True,True
299.0,1,1314.57413,True,True
299.0,1,1315.155793,True,True
-156.648005,100,1317.03609,False,False
299.736068,2,1317.611083,True,True
299.533882,2,1318.19413,True,True
299.0,1,1318.776225,True,True
137.26422,4,1319.673386,True,False
277.773916,9,1320.379957,True,True
-156.977716,100,1322.275761,False,False
299.0,1,1322.839804,True,True
299.595799,2,1323.445331,True,True
299.717546,3,1324.078241,True,True
299.0,1,1324.6471,True,True
299.544744,2,1325.216002,True,True
299.0,1,1325.786023,True,True
299.0,1,1326.36059,True,True
299.513032,2,1326.967442,True,True
299.0,1,1327.552949,True,True
299.0,1,1328.144364,True,True
296.779438,3,1328.76364,True,True
299.842824,3,1329.374932,True,True
299.0,1,1329.961901,True,True
297.320698,3,1330.550805,True,True
299.0,1,1331.135635,True,True
221.82459,37,1332.275619,True,True
60.238806,98,1334.406708,True,True
298.760533,2,1334.997065,True,True
-161.978683,100,1336.817822,False,False
299.0,1,1337.385095,True,True
299.0,1,1337.947881,True,True
299.441216,3,1338.578168,True,True
299.0,1,1339.154248,True,True
299.0,1,1339.728337,True,True
-160.611967,100,1341.609753,False,False
298.765863,2,1342.204647,True,True
298.429329,2,1342.789898,True,True
299.0,1,1343.357672,True,True
299.0,1,1343.920559,True,True
298.456694,2,1344.508416,True,True
229.98253,31,1345.553615,True,True
299.0,1,1346.126514,True,True
298.727354,2,1346.718701,True,True
297.314979,4,1347.311919,True,True
299.0,1,1347.867036,True,True
291.930885,6,1348.524859,True,True
299.573781,2,1349.110889,True,True
299.517359,2,1349.649823,True,True
299.0,1,1350.224858,True,True
299.0,1,1350.799129,True,True
299.0,1,1351.370753,True,True
298.817487,3,1352.014824,True,True
299.481095,3,1352.623191,True,True
299.0,1,1353.207561,True,True
299.594017,2,1353.797568,True,True
300.48446,2,1354.399439,True,True
295.389239,5,1355.037298,True,True
-136.619004,100,1356.898753,False,False
299.0,1,1357.467835,True,True
299.0,1,1358.038987,True,True
299.0,1,1358.615654,True,True
99.675662,84,1360.526156,True,True
299.0,1,1361.109664,True,True
299.0,1,1361.675855,True,True
185.801882,55,1363.121009,True,True
299.379902,2,1363.70561,True,True
298.706441,2,1364.285168,True,True
299.0,1,1364.900943,True,True
297.202246,3,1365.516491,True,True
299.0,1,1366.081848,True,True
299.0,1,1366.660233,True,True
299.955105,2,1367.278106,True,True
299.0,1,1367.852153,True,True
298.395729,2,1368.437182,True,True
94.613147,80,1370.26951,True,True
299.0,1,1370.842093,True,True
299.0,1,1371.404513,True,True
299.0,1,1371.975523,True,True
298.365324,3,1372.570446,True,True
299.0,1,1373.149492,True,True
238.26027,30,1374.199132,True,True
299.497459,2,1374.792053,True,True
